test_env,rep,rrblup,dnn_single,dnn_restart_mean
E3,0,0.25185522180032993,0.10031205222593388,0.09551604766441384
E3,1,0.11166618119737287,0.06849800479750671,0.156890642011297
E3,2,0.09046903441021086,0.1007239674140141,0.11647151831268342
E3,3,0.284252007734975,0.21686079018619575,0.1982822388169834
E3,4,0.3167413406481163,0.22877515322217093,0.2140068597321523
E3,5,0.24214936623329897,0.14355566859104077,0.1750312093217439
E3,6,0.14343446082898823,0.07937618408351582,0.1057173724469711
E3,7,0.26902869789560896,0.0698515591789169,0.11309377132400499
E3,8,0.2942419714718204,0.18344520392606609,0.177218863853679
E3,9,0.18798452216361625,0.036182436553889426,0.07858826861771818
E4,0,0.10731274075463505,-0.09877348951155919,-0.07675082333973819
E4,1,0.0007604666836614044,0.015858344654098525,0.09584520299551826
E4,2,-0.026986741086058093,-0.022592014975399626,0.01067086664959716
E4,3,0.12004181942713757,0.08154753824474441,0.07051015369895808
E4,4,0.07365186695529258,-0.048037095075323034,0.044665219739408006
E4,5,0.05146934017681782,-0.004722299833355389,0.030064088758681023
E4,6,0.025763728204893137,0.04109381084108636,0.05577780375257924
E4,7,0.03339929338998529,-0.028233814579940418,0.004267111738634641
E4,8,0.03975246117890195,0.03733373382009019,0.04572023538808983
E4,9,-0.03959183401836158,-0.09026837323234305,-0.07732614818347099
