pop,rep,k,n_train,rrblup_fixed,lam_cv,rrblup_tuned,dnn_mean,dnn_sd
0,0,200,400,0.18831031860411865,1000,0.2199826426996083,0.09777138754801391,0.045837350265859556
0,0,400,800,0.27394026125021825,10000,0.3274197341734732,0.24741356990604702,0.020174736167372535
0,0,600,1200,0.3608886967831003,10000,0.3827116995649211,0.32800269898866347,0.05963650258708507
0,0,750,1500,0.378257533715795,10000,0.4079019112505504,0.3517671813787257,0.03431569339665658
0,1,200,400,0.20655002223964544,10000,0.16879057990587504,0.12832620393646385,0.04421694887563035
0,1,400,800,0.3630096648256303,10000,0.37344169842023683,0.202219683227978,0.08369550296817663
0,1,600,1200,0.3612564339600131,10000,0.36917765147613396,0.3111875737895739,0.0159264440583362
0,1,750,1500,0.3576181023978259,10000,0.4092193459662032,0.36672148713797204,0.017780446852650778
1,0,200,400,0.18792938219981511,10000,0.24053858357951835,0.14292009393181965,0.022550975811123242
1,0,400,800,0.19773021333375262,10000,0.27188314630984084,0.20642211399086005,0.0443194887460013
1,0,600,1200,0.3320347148109198,10000,0.39452153296116027,0.34780384033303186,0.0024099416873942653
1,0,750,1500,0.28332014101706116,10000,0.3938908320356662,0.2809686342526991,0.0343242837915168
1,1,200,400,0.2584206835555251,10000,0.2611206700584546,0.1837813294282833,0.11761681138301387
1,1,400,800,0.2387453477381033,10000,0.3635494127004095,0.2601667634775945,0.0994387438322057
1,1,600,1200,0.24699411202598195,10000,0.3522663790776431,0.2752223992450668,0.06603073892329604
1,1,750,1500,0.31200793350070605,10000,0.4188228651766688,0.32845986895628215,0.0282472643681694
2,0,200,400,-0.0018561236715969362,10000,-0.05597014747873516,-0.04958137535643182,0.06464192446502304
2,0,400,800,0.0042178355381230275,10000,-0.07987239219905101,-0.0787241346569585,0.037451542376236144
2,0,600,1200,-0.11152070481470942,10000,-0.11808618686333881,-0.08763905825925274,0.028477224959431332
2,0,750,1500,-0.1601923865214509,1000,-0.1419367184605009,-0.08551932311935602,0.0487879200466575
2,1,200,400,-0.0066556419210469465,1,0.0050264997310115415,-0.007932068626452982,0.04489650692424921
2,1,400,800,-0.07514401358626017,10000,-0.110979354969229,-0.1036719897259512,0.06475466190226524
2,1,600,1200,-0.15960431135407988,100,-0.15960431135407988,-0.07855580591466682,0.06196260016536507
2,1,750,1500,-0.13259368868201377,10000,-0.08160782336026641,-0.0819011822467934,0.024133166993626644
