,E1,E2,E3,E4
line0,1.6716294803197338,-1.7274698635629413,-1.8902847867543517,0.050915896132156344
line1,-0.25270276005343995,0.40952243058809296,0.3093855265025463,-1.7387588244246297
line2,0.3418151273679119,-0.648626326740878,-0.799559211203025,-1.0535690742686032
line3,0.7854394885133357,0.09394919369402198,0.5704677250133174,0.5517573500177323
line4,0.998317612613427,-0.28248061800298024,1.6186819222047384,-0.11428484730385398
line5,2.336096876440566,0.6264758666133936,0.07353310887018515,0.7195855719445825
line6,0.6174108165506322,-0.3135924027088055,0.05432570287169062,0.0033538154267226572
line7,0.647218151728196,-0.4240405041502334,-0.7080833066455468,0.9643265399939988
line8,-0.9676390239598921,-1.7892630828199947,-1.9360396320902578,-1.5027577623731856
line9,-1.0508226637149842,-1.6176229866022003,-1.9872087022480789,-0.5624036639271369
line10,1.6857676043274525,-0.26919672131918876,-0.21264372606166304,0.347223096239814
line11,0.8910193500548484,-0.18989837665605017,-0.38194594498595685,0.6924061162983242
line12,1.1741808901610542,-0.2076376631756647,0.7516035304828591,-0.1916381287422496
line13,0.31602282395060466,-0.6536512976636655,-0.43037833988277874,0.006807297634742042
line14,0.7976148890844981,-0.6338235471585086,-0.697905239702633,-0.23608499542860478
line15,1.0013634987763806,0.1429331671730866,-0.15849303131392628,-0.6343525210445544
line16,2.3397128482489933,-0.1947081725015398,-0.37300951774479224,0.4352593590870711
line17,1.8136703909295409,-0.35961455453564845,-0.5233577265280902,-0.5764535938212662
line18,0.9500232143612553,-0.8514098510582172,-0.767698905386699,-1.0320693775157166
line19,1.8423619870581072,0.32309166498039293,-0.22068482127299466,0.09811610854244561
line20,0.6658680964157973,-0.4888968039194143,-0.718396518045794,0.26606233100032195
line21,-0.43795616259006515,-0.862459724145355,-0.9282505206986612,0.3972553213947196
line22,1.6509760917923297,0.221041720232341,-0.41496342521819896,0.6959854657394379
line23,-0.4015276898443709,-1.953574569052161,-1.5283848230729375,-0.9611117248589154
line24,-1.127238572450251,-0.23620531902637532,0.6009343536133955,-1.3375570189371746
line25,-0.4852406948416862,-0.2743862378893214,0.3088365021446311,-0.2668516672180447
line26,0.8585733327468119,8.855924078961156e-05,0.06547512060168752,-0.4499727579658295
line27,2.593962902049092,0.06926734659216646,-0.9879167986113145,0.38525073403836974
line28,0.9675492759192114,1.3109161441053094,0.8031273548411803,-0.6872482257523514
line29,-0.5190467736182077,0.41790792992397896,0.5699440402411526,-1.1923848989672625
line30,0.9857757284130315,0.3983523126048168,0.9539401226965609,0.6522780690475105
line31,3.2789208050843364,-0.2730255719593472,-1.408832657504465,0.9739475166236292
line32,-1.3051134379183305,-2.87368218561558,-2.228348646773606,-1.224803578191063
line33,0.4341119933699142,-0.3815434263838341,0.13568266618633773,-0.5413366357880117
line34,0.26570869369733,-0.3621966554632271,-0.07067447363303,0.011094650262009738
line35,0.34510533595035325,-1.0594208640181544,0.23345123453839747,-0.8364480971812744
line36,-1.4010181316481083,-1.4064349769127418,-1.7641105427765482,-0.8793216234539528
line37,1.4950495236749437,-1.4137319435046494,-1.2334742775859238,-0.03247114579268723
line38,0.5656063195384781,-0.36052588427479415,-0.8247467594385198,-0.41439953121260803
line39,0.12124899113458985,-0.3822269236881942,-0.6295052512348155,-0.2185186497099088
line40,0.7482861925898263,1.4223008900008585,1.167983603526761,-0.9540552931035775
line41,0.28221674517408457,1.061629488376578,1.1875964428972565,-1.6246916444330985
line42,1.142190941369396,-0.05952126584956081,0.4015371533466911,0.18150315046728918
line43,-1.2752653823375188,-0.035174838721142666,0.8075702288760123,-1.2559399849777169
line44,-0.28018903224586655,-0.6089201963006126,-1.45838844070287,-0.5331867324451682
line45,0.409679751421092,-0.6993633442320486,-0.6145380025851526,-0.051909766603657696
line46,0.004511739103114679,-0.7633779297282691,-0.7506031315340369,-0.39312796881970424
line47,0.5356442468285734,-0.12263085028538062,-0.4988627936364293,0.51088983277249
line48,0.6860409841848755,-0.40966807472246114,-0.6977194160737998,0.07844935337149163
line49,-0.45643508158402396,0.06876105229264243,0.4988327160980865,-0.43450682169939076
line50,0.5807135891434996,0.43938113690259234,0.6325159239864702,-0.2958247309358938
line51,0.139231121208924,-0.48340351076956456,-0.5166005036614257,-0.31881910108177297
line52,0.025385017808058567,-0.34734324645090614,-0.33672323095080087,-0.6915591784858242
line53,0.30923880476948085,-0.9063491112354478,-0.5979659135046567,0.18436663002017992
line54,-0.3655227092924547,0.10591672519904828,1.6860092015424728,-1.011088883099343
line55,-1.092259746060187,-0.28348687792328675,1.5632389085837513,-1.3650904761765097
line56,0.44940657682987684,-0.13420600370827623,0.22090813959215116,-0.5565665709923975
line57,0.03071124655290282,0.23106001868419593,-0.17704160808292188,-1.814806233319674
line58,-0.6702009104749236,-0.12266249367909973,0.8378932664901717,-0.9835554258600077
line59,0.2574668840799267,-2.3790959417668787,-1.3131081490695713,0.6133850940214327
line60,0.14228515145252696,0.19935333817642859,3.0579703928043984,-0.7652544434624218
line61,1.1229709110363206,1.043269991340045,1.2077920927400025,-0.3358583777618871
line62,1.0832603737888356,0.9219428911375693,0.21655817737173513,-0.07550987280880234
line63,0.502253516165182,-0.0993033404347555,-0.6407644738363967,0.021297762844700634
line64,0.8241971683248178,-0.28141107129523324,-0.42371402883053055,-1.294203623838324
line65,1.2391462215029736,-0.9564849042459331,-0.9555328080228224,-0.458563196624501
line66,-0.8797969700732243,-0.28198065238220005,-0.6099346445072371,-2.8990973795108976
line67,0.702777069919819,0.5612082027258494,-0.7319869825363742,-0.83802143759495
line68,0.5606872948261147,-0.12619389641828938,-0.40510632636145155,0.10106612181808877
line69,0.38118361322811606,-0.45527253375219584,-0.5903218051367416,0.23840300652789242
line70,0.5258713500490438,1.2510341858289644,1.4130089512006208,-2.090140805713025
line71,0.16075592636583644,-0.2761899113313803,0.5789395931823991,-2.5818096849868675
line72,0.33457503967041147,-0.2542863541981711,-0.9465288085529907,-1.0614357763369846
line73,0.8733304068839006,-0.674903000886236,0.35809665684261816,-0.059745001863765974
line74,-0.9345740565224844,-0.4629492210687465,-0.20287953901933256,-0.8562092527770483
line75,1.7062011026773198,-0.30518791733668793,-0.6796185053197205,0.06664930026891967
line76,-0.15064114135255904,0.32447764562534365,1.2641726710337384,-0.07680787865008504
line77,1.0472716813982195,-0.6132110404890881,-0.6509003081363932,-0.7263142682239334
line78,-0.13540356645714433,0.17594988418087532,1.155178666194431,-0.9842476956420256
line79,-0.40858860776757955,-0.7041984547925146,-0.712061621608296,-1.2064269621593235
line80,1.3097065362511746,0.2438945791771601,1.3987765505377063,-0.28706909153378485
line81,-1.575635364856345,-0.4044722294735835,-0.17478638495117227,-1.2067730970503319
line82,-0.32102345262299814,-0.8237978256978608,-0.2850473690779795,-0.27423850046025544
line83,0.9381410006934777,-0.60131945312899,0.6211468965133073,0.024696178138241338
line84,-0.07534097166628811,-1.1528891203892548,0.22778361385898288,0.08238270440568299
line85,0.9299969200438688,-0.08236779611563717,1.1544860508505967,0.6251851471240046
line86,0.8599333942152956,-0.27144973095207503,-0.05258200940753501,0.1424056411874335
line87,1.4928506218995488,-0.19478411664646908,0.020598714238448546,0.6437269638991793
line88,-0.7229582649230821,-2.8246349253490743,-1.316520546617237,-1.4280240927235608
line89,-0.6055287660363904,-0.32331958193843435,0.9570484452152278,-1.1133560099883029
line90,0.14509485927664081,-2.283532892731493,-0.5492970158075015,-0.8183546824239967
line91,0.8987806589139243,-0.8534983150437588,-0.9969630307240622,0.10336319882205586
line92,-0.05990793883528156,-2.278786383673444,-1.5833970637361743,-1.1028696961311497
line93,1.2993228334229248,0.12579510513415798,0.04509364713010937,0.13394893646392358
line94,0.9078287325156386,-0.12277640989649309,0.18433467082632615,0.011582385790249792
line95,-0.01652442121482098,-0.596522314640988,-0.39243653348645485,-0.9079485522807936
line96,0.41013581993747006,-0.3978334454710586,-0.6868571803156359,-0.4001136002564273
line97,0.47585040669915263,0.35041257111852275,-0.8464374448405143,0.024688311436172554
line98,0.5299678226157947,-0.1884870812961242,-0.6989357161897987,-1.2921189477902029
line99,0.14921576408534248,-0.7213301881526994,-0.3449248102052157,-0.6463571084009043
line100,1.9633911695919264,0.13447172369227128,0.1008407357800961,-0.24015208039795774
line101,1.255768290108823,-0.07896296695132968,0.5583976356677377,-0.8065546293214246
line102,1.7113807379704693,-0.07260897349228923,-0.5613671051530811,-0.11737646121672823
line103,0.5123928965739414,-0.5399818987415089,0.5294429356840787,-0.1326378632293884
line104,0.6205218553587818,-0.0716596716806794,0.46307011407626053,0.5019375258186719
line105,1.448050034246058,0.41126914592145514,0.009373277751200794,-0.20606566033566145
line106,0.10373921773793388,-0.9048998438030572,-0.14108473590368073,-1.0358689946147441
line107,0.8526281538725978,0.22433263317925403,-0.22712952258207705,-0.5390867589964545
line108,-0.7609666893148012,0.017422810320783577,0.48547875440783805,-1.494891060304804
line109,0.268111197488963,-0.5164645285285623,-0.05165289126336848,-1.3647600746896376
line110,0.1083487673856123,0.9387771765967842,1.2584797107685726,-1.3664042154219294
line111,0.7907575731775291,-0.26957644204383174,-0.14410859313651292,-0.00245967740181196
line112,-1.0811349318928232,-0.6417280669098465,-1.5484030958154327,-0.6702010823701685
line113,-0.5719507215180579,0.2898597728953063,0.4801996740432562,-2.1425881084029244
line114,0.004397721974021596,-2.239232141523036,-2.160573701420955,-0.6033262480868572
line115,-0.07556900592447717,1.1867348097892616,0.9659173002277245,-0.3306191541843449
line116,-0.115605306397947,-0.4435897927906507,-0.03044365799062294,-0.0933122195895492
line117,-0.4703614594948537,-0.31294054879816674,0.6334365956020543,-0.43080160502518294
line118,-1.0630387846893945,-0.15133140838971607,0.6173797447651402,-1.2844567799755995
line119,1.3191048053208203,0.3107697274656989,-0.314728470519806,-0.5501001418921881
line120,1.8092807314594008,-0.030124553083377532,-0.545335593901919,0.6148011003937416
line121,0.10748549483675186,0.8530172509359556,0.6971656537632893,-0.9691357609686646
line122,-0.12899417498590277,-2.261382517127264,-2.0254292440876536,-1.205136823020109
line123,1.1001186207335232,-0.6767762897944802,-0.019581422232458942,-0.7409935342835337
line124,1.0141497053962651,0.43950138179872955,-0.34899603698238185,0.4416313877624592
line125,0.7035507575815313,-0.7164381194835368,-1.0076225497962263,-0.11498498378793998
line126,2.398537542781108,0.6391711961739891,0.18361671589674317,0.050357360285301446
line127,-0.43034144718268247,-0.5816309335562019,-1.1272845202362811,-0.5459701233062877
line128,0.3675992867045699,-0.7055021626137922,-1.0066174128948104,0.25807762840091447
line129,-0.6770093618979953,-0.5809347788943552,0.062096509168355345,-2.1176742629523604
line130,-0.5614774338026641,-2.630028053969067,-0.939045184228159,-1.2969176360519157
line131,0.35493524129442927,-1.0969056282192537,0.6356242465051369,-0.6911737100844733
line132,0.6006177222511422,-1.3169537881504032,-0.6892728874904679,-0.5994007637547354
line133,1.617992565161419,0.28636001354983914,-0.47690181931976794,-0.3801793772151487
line134,1.738524958775611,0.013321826494629393,-0.5546098822864167,0.34041053224859497
line135,1.2001116429494054,-0.5954780826482163,-0.12334702587868498,-0.7200209065692281
line136,1.2593842619172477,-0.7298422610634676,-1.5665040065695122,-0.313572010802162
line137,0.6408820569828011,-0.5049336758568758,0.6090852536963093,-0.2742463671623236
line138,0.29973466265138987,-0.4674425829770324,0.6211468965133073,0.2685560755559988
line139,0.18610030534741487,-1.6087375216455324,-1.259016580021917,0.13089665606139114
line140,0.988813470495336,0.07536186422270219,-0.33491567383396814,-0.08806512930993898
line141,1.6714747427873913,-0.13766146230253548,-0.2556027704364871,-0.015164401242247784
line142,-0.7254747858438096,-2.721002810915005,-2.1099029764495496,-1.9721402746873031
line143,-0.8535404540588897,-2.186229457041489,-2.1605821479495377,-1.4804713954134605
line144,-0.7810907125999806,-2.249516244482142,-1.1994770000380148,-1.030755638270297
line145,0.32484286329413,-0.3760058324827775,-0.9709561692159852,-0.22216879946963794
line146,-0.13546057502168943,-2.2811596382024684,-1.0190844890838067,-0.899649181598651
line147,0.6380560609973885,-0.7849903676392523,-0.11007752947427116,-0.4568403888715257
line148,0.5843132727906273,-2.175945354082383,-1.2089371120513464,-0.6308597053261925
line149,0.03753598613727311,-2.2598003474412476,-1.2722860764263308,-0.6872482257523514
line150,-0.07536540390823601,-2.0675667305902654,-1.2934023978846596,-0.8262213844923779
line151,1.0771115928983819,0.2734684949481772,0.14814129584675167,-0.39748612176558745
line152,1.725315259961947,-0.3121494639551593,-0.9093640827863332,-0.08753806027135781
line153,0.06533173339438465,-0.5974652877738541,-0.928512363084745,-0.8088910398357336
line154,-0.43492656458841156,-0.7343672663654739,-0.16035971413084232,-0.3288255461127541
line155,1.400545611816896,-1.1285490219395795,-0.19333496172016787,0.3000307505315928
line156,0.8671164733482509,0.017365852212088022,-0.8729510980635914,-0.3791331058400538
line157,-0.43877871473567476,-0.9264806383203201,-0.6064124420879877,-0.09425622383775488
line158,-0.45084824225839343,-2.3468196801721457,-1.3606874445794765,-1.7754727229777658
line159,0.17598535718060326,-2.017728385480751,-1.211749806069595,-0.46173347755805894
line160,0.9529713715564129,0.17511449858665887,-0.05767526614328379,0.40682123110987123
line161,0.32594231418182734,-1.9813384827023757,-1.273696646699747,0.5150513181666635
line162,0.926380948235444,0.6447467621475108,-1.4454399123846235,0.2292304319161596
line163,0.2006456333876131,-0.9798250714540458,-0.7725303197363654,-0.9345694720801964
line164,-0.14388155441338457,-2.1210187512626404,-0.35684286203629667,-2.676469710975702
line165,-2.224246235952392,-2.5271870243780064,-2.2671688921425965,-1.8428116926831115
line166,0.3232629116481066,-0.5789285877324871,-0.6482480981612279,-0.4132195259023508
line167,0.623722479054078,-0.39804862054835655,-0.35333755267421413,0.3942974414170083
line168,0.9551865614931063,2.111734495021843,0.34394872146553956,1.514122480851111
line169,-0.9970391551049749,-2.333371237841007,-1.0502606260848832,-0.9573357078660927
line170,-0.48228439356587777,-2.0723132396483144,-1.2616181108255835,-0.1221515493722353
line171,-0.6308731450179689,-0.7664599962766292,-0.585498837315659,-0.41822274841784135
line172,-0.15331239980563044,-0.25165362384063844,-0.24218968304615685,-0.1768801956619657
line173,0.5784983992068063,0.4238758739796326,0.47890735517000743,-0.026319384775212437
line174,-0.26662913796426974,-0.9091527159190688,-1.7588905881120498,-0.11690445909262505
line175,0.04524028643180243,-1.0688759100617886,-1.538149010115268,-0.6277680914133182
line176,1.053053978659442,0.00270230356208855,-0.31923047025472223,-0.6361067956058029
line177,0.15653729258933885,-0.5449562402343447,-0.06704246634219774,-0.6849747488545886
line178,-0.7676041150442303,-2.774005495396551,-2.2603272039900983,-1.6968057022939513
line179,-0.8810593025739135,-2.949626330544363,-2.3006424849183382,-1.6784448196663495
line180,0.8223158856947588,-0.6538981161346836,0.061268749367188714,1.1548737974943348
line181,-0.9739343983020377,-1.3916385260091175,-1.8680450769944406,-0.5312200569280725
line182,1.2446271877801591,-0.394137497084525,0.4471484076966806,-0.5280733761007202
line183,0.6420385164350464,-0.6595875983255989,0.5654335939776535,-0.04531747027035415
line184,0.6157657122594117,0.15217303813942173,0.20243558158040564,0.139022959298029
line185,-0.3243055171247901,-0.7054325471476078,-1.010435243814476,-0.4604197383126394
line186,1.4995124798709274,0.3381222769975478,-0.6477075203318948,-1.294290157561076
line187,0.8868577248428988,-0.032263646498871555,-0.10903015992993796,-0.5395194276102152
line188,0.7823610260277849,-0.41888895965256373,-1.211749806069595,-0.6046478540343456
line189,0.9656517051278523,0.6671123128290374,-1.5580574779861802,-1.1068030471653405
line190,0.37423671243400053,-0.5956299709380749,-0.3839900049031236,-1.0203479914338283
line191,0.5140054245425649,-0.5678280852153964,-1.6528444217483242,-1.3559100348627087
line192,-0.1570098124205512,-0.9160826191438199,-1.2061159715045133,-0.3781812348897793
line193,0.7324459557263389,-0.6745739095915452,-1.4886776922026967,-0.8865353892506589
line194,0.5047456048439601,-0.34168540765371125,-1.1620081992423568,-0.5325337961734922
line195,-0.347442850250326,-1.0922603780211093,-1.6978982052118141,-1.7898923878691095
line196,-0.4289650975528974,-1.6776062037384512,-3.350596666997925,-1.0241948087452666
line197,1.4489621712788143,2.143377888742169,0.22186259732206748,1.4464688430630315
line198,0.6092911681429728,0.017074732989860796,0.06689413740368748,0.572218642097592
line199,1.0039696045842548,0.23002211537016914,0.34821421840012096,0.2760845094354399
line200,0.2495345495272083,-0.15299585089940518,0.5758988428924009,0.0012848727827377002
line201,0.10798228375637937,1.6505826609780379,1.6463443033151486,0.23480005698057385
line202,0.22288711764169133,-1.9441574950809923,-1.5355390327830185,-0.5941536734751245
line203,0.8061091652020398,-0.32156020924758333,0.5958073107633124,0.406097494519581
line204,-1.688113262708076,-1.3984988137676844,-1.1770768062350196,-0.902315993599832
line205,1.270818551149298,-2.1234173205066416,-1.0829402451737922,-0.8419547886291413
line206,-0.6828323795624641,-0.6054837237425847,-0.13213986213393236,-0.9421057726617056
line207,0.15941215305865145,-1.6664867151851284,-0.6866544636296353,-0.20606566033566145
line208,0.36454525646096697,-0.8098557464246845,-0.7401547756764563,-0.27233475855970657
line209,0.5902095871809442,-0.6701754778644194,0.48982871662825406,-0.4280954595136601
line210,-0.1524898476600194,1.6467348243016455,1.7548568560252062,-0.0867513900645187
line211,0.8616355070710643,0.5139076577927054,0.1652708558137473,0.7225591853264305
line212,1.0264146908545742,0.36083590500999824,0.9103391421494047,0.781732518284796
line213,1.094442196520746,0.6404116172078261,0.8081783789340117,0.7291986818721446
line214,1.1515729222777444,0.39902948123043197,0.44175952246051514,0.719145036628753
line215,0.5169128613344747,-0.9291956415015236,-0.9682110474264022,-0.17364698111186105
line216,-0.5394314074841748,0.9225251295820237,0.5479323867529903,0.5948354105441891
line217,0.6100892880466359,0.298517405417187,0.2319984316220647,0.5117709034041489
line218,0.33301952026633597,0.31073808407197756,0.3660363937109506,0.11969447231601589
line219,0.08302067656533246,-0.35315930221670117,0.17830384941782781,-0.34458255035572233
line220,0.6424864408707738,-0.3566907049558908,0.8762320597299136,0.0513092312355759
line221,1.0764112019625147,0.7959705407369501,0.8728112156536648,0.9624699983058604
line222,0.07968974757964321,-0.08191213124606374,0.16245816179549796,-0.12370915638177525
line223,0.9583301766238543,0.4067884413706568,-0.6646005774985572,-1.776786462223186
line224,0.6895836592674551,-0.4081998212538374,-0.06123970120544897,-1.2229155696946508
line225,0.2524094099965209,0.38522030421088155,-0.13662496881168182,-0.2595907012089289
line226,0.5613143890361353,-0.1766081512935137,0.4533650527340126,-0.4077128344544833
line227,1.0757026669459995,-0.6800672027413945,0.9277558840882347,-0.2857789523945702
line228,0.47540248226342524,-0.3425777513566244,0.25118894456339397,0.7357123111847647
line229,-1.436640340409493,-0.10725848961604569,0.20916746486132018,0.6247918120205858
line230,2.526904541980223,-0.48935246878898664,-1.4003945754497167,0.5373376851263885
line231,-0.4672097002834548,-0.6741815315094128,0.08056906718010086,-0.12411822488933168
line232,0.7591259639344545,-0.25534957222717314,0.23183794757898152,-0.10681148033889222
line233,0.8939023546048088,-0.40533925846152025,0.7934560796132658,0.18930691891912374
line234,-0.4590330433112487,1.292917381757189,0.5675283330663183,0.462714149305722
line235,1.404014990173629,2.2013865581102707,-0.05764992655753401,1.606949565258014
line236,1.1157796878227189,0.48195415881391984,0.26840296981622275,0.8166134752559995
line237,0.5957231297807281,-0.18922753670917877,0.7495341309799431,-0.4792998232767549
line238,1.8362539265709015,2.1549783568800405,-0.06302191873653193,1.5566026720203727
line239,1.3316222572792678,1.831165180261196,0.24719373654347795,1.6399897139452146
line240,1.4679623114343485,2.3226883435977705,0.6970896350060393,0.999640165578963
line241,0.06949335860633282,0.5003199845291967,0.2636222346380582,0.2908503092177919
line242,0.105807814222934,0.4818845433477355,-0.1538221010073438,-0.5057162088223804
line243,1.219136215346889,0.3642976922830024,0.10337469435509486,0.48935866921132964
line244,0.8245799401153493,1.390265118198401,0.6879504910788741,0.3026503623203639
line245,1.3000069361974917,0.5598158934021549,0.9199935243201531,0.80577315980577
line246,-1.1563536607725982,1.1383204173971626,1.4571167234627758,2.2903063738321063
line247,-0.6659415562951781,0.5778209844290203,0.5500524654274072,-0.12229315000946639
line248,-0.4484213062248097,0.6315451382873913,1.0688129114298666,0.03136714149222922
line249,0.5522093068698729,-0.21156777267572885,-0.42974485023902886,0.18984972136184178
line250,-1.0649282114001044,-0.4595760352981592,-0.699594545419299,0.4479247494171651
line251,-0.15461545270956753,0.5145595117033442,0.3252818932963758,0.7817718517951378
line252,1.4390019606443423,2.4397752290417216,0.016831562490282094,1.5219891829194936
line253,0.8122335138505444,-0.3479571282890808,0.013436057999783153,-0.26432645585409414
line254,1.112774522063013,-0.561075384995478,0.1625003944384145,-0.4336729512801425
line255,0.137292830014317,-0.5999841019139922,0.2579461674300598,-0.012017720414895539
line256,0.8522535261627155,0.6658529057589677,0.7868593407896832,0.7067392474669155
line257,0.46397633711202585,-0.7187860592975854,-1.4529404297666215,-0.8104879803556154
line258,0.47726747673218567,-0.46469593640210755,-1.1657669044619396,-0.5089336899683482
line259,-1.0910788543659937,-1.04520032288024,-1.5575675793283468,-0.5241872252789396
line260,0.22731749751507793,1.084621578253768,0.1292295183486723,0.6606482400482687
line261,0.33104865274913176,-0.02358069926201445,0.2723559451932222,0.046494809569726334
line262,0.5681717049431042,0.6325134261352326,-1.4979857667015282,-0.5994007637547354
line263,0.556664118985209,0.045212038685974426,-1.4951815192118618,-0.5063140781795771
line264,0.26048019392028027,0.2681144327306972,-1.1188379916529498,-1.0373164677953268
line265,-0.5750128958423102,-1.267779954309016,-1.1455881476763603,-0.2543121441210449
line266,0.5231512271120737,0.3420903585700772,0.7941824810714333,0.2971830043828389
line267,1.1476311872433334,1.7299063203561518,-0.31718641033755546,1.1852943343927658
line268,-0.1518057448854522,2.4513756971795924,-0.03230189427895601,1.300148184591136
line269,-0.37194838892499626,-2.0905081910375016,-0.48957161219476547,-0.5548201631332172
line270,0.40696777256477257,-0.8202474369224396,-0.7556372625697024,-0.16506440915525686
line271,-0.45474925688955536,-0.06924844507918962,-0.03768233298653844,1.5786294378118395
line272,-0.7698518813035222,-1.5513047620431406,-0.5423624158405863,-1.4516241989287055
line273,1.1955509577856243,-1.1044177698884592,-1.5616810387484295,-0.6838340770546731
line274,0.24001411924781724,-1.7310392383745936,-0.6204928052364007,-0.4879531955519739
line275,-0.001987237255272065,-1.794326025815247,-0.6416091266947295,-0.6020203755435065
line276,-0.5857956586223904,-1.1958102196315052,-1.162278488157023,-0.21065194764152748
line277,2.2798131350711293,-0.8811546411553238,-1.2455359204029204,-0.7724682092591277
line278,-0.9041722034575,-0.8868567807037266,-0.2876995790531457,1.2954281633501068
line279,-0.1259401447422998,-0.26238073431182996,0.5939068418320628,-1.5487937028773537
line280,-0.1682486437170095,-0.09756928245888206,0.5104213533144165,-1.6677303714492135
line281,0.9392404515811735,-0.7804716910159893,-0.7978699054863589,-0.8930883520736206
line282,0.918261299827786,-0.2911635652398385,-1.7213542150877255,-0.37978604211172917
line283,1.0625662648581822,-0.32454101693603876,-0.1334068414214321,1.4590555663724403
line284,1.2356279786623419,-0.17458930277415685,-0.5557332705879994,-0.2086852721244325
line285,0.3014530636684557,-0.8867618505225658,-2.1155283644860483,0.24955012335878898
line286,1.5152875640892192,0.01636592097052534,-2.1521356193662067,-0.027751124551658162
line287,-0.7560069441991898,0.30044132375538307,-0.35653034047871324,-2.48609552092087
line288,0.5617053049073161,-0.3997953358817187,-0.5727276860976623,0.09530769590403353
line289,0.14298554238839276,-0.22502254368561264,-0.5032718815569279,0.3595816851892409
line290,0.9183020202310339,-1.7677455750901723,-0.8569956055696786,-0.5587535141674078
line291,1.0085221456673867,-0.2828350240126491,-0.610846869594237,0.08500231619445406
line292,0.8461698979174604,-2.0360815538385406,-0.8401025484030156,0.6055183919530507
line293,0.08446217884031194,0.6605937737226507,0.9711541479493911,-2.6827630726304075
line294,0.1308834385430769,0.7316585073397596,0.9363037710145666,-1.4162240396209889
line295,0.06292922960275023,-0.5341785003332004,-0.25608422256573676,-0.05135123075680209
line296,0.12716159368620536,-1.2652484828113897,-0.6500556552780606,-1.0464890424070596
line297,1.7541371613809094,-0.9044821510059489,-0.7041134382113813,0.6656435958616905
line298,-0.2784869193900994,-0.4033014239059308,-0.801704629463191,-0.6884124976584712
line299,-0.397260191583976,-1.1990568318272115,-1.1588238579664407,-0.6507624615591974
line300,0.4116750511802455,-0.668998343618024,-0.626523626644899,0.6900854391881516
line301,-0.8003921837395503,-0.4864919059966695,-1.2653430299308328,-0.7026040281898321
line302,-1.255776597343008,-1.047927983418932,-1.2611619982820832,-0.7252207966364285
line303,1.3452798805286592,-1.4753606171143565,0.19459720305507383,0.7707191353890623
line304,-1.474013526510542,-0.9100577169794701,-0.8350346312530166,1.0720138246080724
line305,0.22139675088281457,-1.4221997156642086,-0.7049580910697139,-0.13395160247480797
line306,0.529128982308885,-0.3628928101250738,-0.5341608365861715,-0.009067707139252375
line307,0.2569863833216007,-0.17723469048917492,-0.7532722345663698,0.11230763907380584
line308,1.1562231923286694,0.47954926089117506,0.20164160789357255,-3.5756337573917047
line309,1.4606977914948989,-0.21608644929899126,-1.2849558693013277,-1.6030582137450489
line310,1.6245078296811046,0.5911808252577422,-0.8288348792728519,-0.1378849535089993
line311,0.9392485956618243,-0.9741292605843869,-0.44522733713227575,-0.629553832782841
line312,0.10518072001291338,-0.20317594466109895,-0.4575930549782728,0.21611663956816807
line313,-0.062400027514061165,-0.4162878726887524,-0.8449255162240982,0.4009841381751324
line314,-0.15158585470791247,0.7574795166155454,0.47755591059667307,-0.33193289342976523
line315,-0.25829774345972123,-0.611723800984233,-1.199924666052931,-0.3266858031501543
line316,-0.29379779101136066,0.9552127552951211,1.2256058215222476,-1.8528260044161615
line317,0.09478072902336472,0.25946312888756146,0.08440379115693365,-1.6941782238031122
line318,-1.6812478027204563,0.38090414530743055,0.8645082780562494,-1.6535388409178535
line319,-0.21795196792156646,-0.7185329121478228,0.17673279510132764,-1.312100371043892
line320,-1.0426785830653766,-0.1855126022864137,0.0811011984808501,-2.2422277568010442
line321,0.36149937029801327,0.8221079839499407,0.6480237504654676,-0.6964208003640836
line322,-0.5677320877415618,0.17726624935964166,0.15025292799258408,-1.7335117341450192
line323,0.869437536333388,-0.8083178774898768,-0.3029033305031427,0.0561551197096985
line324,0.17486147405095656,-0.41129454515968505,-0.1120117845198536,0.04828841764131719
line325,-0.39023184998336463,-0.20335314766593282,0.26059837740522446,-0.8870703249913088
line326,0.2115098369741906,0.8295694961891933,1.1601874576443458,-0.33822625508446974
line327,0.7714153816347115,0.7744340469708973,1.1924363037755052,-0.8026212782872341
line328,-1.657556672110748,-0.2708042057201801,-0.6632491329252244,-2.213388427018358
line329,-0.7261670326990275,0.5869469391779631,0.5831037317739829,-1.1303952866684164
line330,-0.3952241714215731,-0.5736884417324005,-0.8882477613280045,-1.469324278582564
line331,-0.43069164265061394,-0.4849983378130693,0.505657511193418,-0.588599781814847
line332,1.1801097808739682,0.18842370998542793,-1.0495764572696338,-0.6665273325042338
line333,0.7888355701442222,0.23763551589927928,-0.5649906659153311,0.3459172236964618
line334,-1.2333233669920391,0.5764856332140236,0.2146577084404855,-2.0075404339950196
line335,-0.3008831411765201,0.746284083917295,0.38925590078652716,-1.4660438638200486
line336,-0.6706406908300031,0.05425572061124421,0.42424142217868743,-1.6994253140827222
line337,0.3426295354328722,0.33145184960130375,0.6649590402750464,-2.2632082512174176
line338,0.6585221356698515,-0.15685001625454117,-0.05215968297836793,0.5779849347137154
line339,0.8127547350121197,-0.8750980955972533,-0.48838065166451583,-0.14921300448746808
line340,1.4213618819572946,-0.419737002604269,0.03109774926752954,0.43900390927162003
line341,0.9340689603686748,-0.633937463375902,0.29294013535080016,0.4180312815573153
line342,1.548043056461939,-0.32090835533694567,0.9831397720091377,0.26856394225806685
line343,0.8937964815563652,0.05443292361607808,0.1939974995256575,0.11909660295881917
line344,-1.1022769652592055,0.602616747748268,0.4881140713258382,-2.0626073484736898
line345,0.8811487243075244,0.6804594963002706,0.39060734535986,0.20038323543140474
line346,1.633808369782957,0.6426329834469922,0.25118894456339397,0.6549055475383496
line347,0.9668733172252935,0.07469102427583192,-0.9414608914029917,-0.07495133696194672
line348,-0.06457449704750653,-0.3762083502025878,-1.8742025963316886,0.17874980474335508
line349,-0.3812652171881476,-1.5057382750858699,-0.9879167986113145,0.36951732990160646
line350,0.9022093168674095,-0.601920677609676,-1.386314212301304,-0.5213866793425955
line351,-0.7664965200758838,-0.10218921794204906,1.5962648353445779,-1.491941047029161
line352,-0.5724800867602826,0.1338388558178651,0.7475407502342775,-0.967822021723245
line353,0.20234774624338175,-0.5286788785046079,-0.6936904219395504,-0.2558854845347211
line354,0.36082341160409537,-0.9454666745525154,-0.1772527712975054,-0.17507085418623797
line355,-0.11187531746042761,-0.8903185679767308,-0.28544435592139683,-0.4883071971450517
line356,-0.15157771062726316,-1.0485355365783626,-0.7274849828014595,-0.4582721286479708
line357,0.3981477332212473,-0.9178926212646227,-0.8300511793888522,-0.3216747139325956
line358,0.10942378603136031,-2.191767050942546,-1.4510653004211223,-0.2899719045970181
line359,1.1992076499972983,-0.7609983465205008,-0.7399520589904557,0.5098120945891214
line360,1.7077566220813938,0.3831001968316201,-0.20830221036983157,-0.545380120651159
line361,1.1535112134723502,-0.969844745074655,-1.239505098994422,0.12958291681597156
line362,0.7960756578417226,-1.0871657916321373,-0.18851199389908596,0.39443117535217137
line363,0.19566960011070317,-0.48058724872845643,-0.9281829484699957,-0.17983807563967694
line364,0.42732797418879037,-0.01922023960735329,-0.12552623025318374,-0.7483410340154019
line365,1.1668104971731592,0.5991802751902414,-0.010653441519878112,-0.8742082671095057
line366,2.234409885449567,0.11041641578607922,0.5535746678466565,-0.017264810694505774
line367,1.0881712544205484,-0.7045275460872065,-1.1813423031696024,-1.0803158613011001
line368,1.5059788799067169,-1.0773436822213476,-2.518149042467704,-0.24801878246633907
line369,0.367517845898074,-0.3077383748705453,-0.33693439416538445,0.6035517164359556
line370,0.2933089830188497,-0.6237862626704211,-0.3055555404783089,-0.3424192072869176
line371,0.4184997907646172,2.302860593092614,1.2400240458139944,0.2898669714592444
line372,-0.9876408860353292,0.45441174891974717,-0.19009994127275218,-1.244344466128922
line373,-0.8595589296589503,0.4668033019006278,0.5852491500341488,-0.7082208534666563
line374,-1.4323891303103982,0.38901751145732083,-0.08121574130502755,-1.647505080431404
line375,-0.9486796042076059,-0.966269041584258,-1.0456403749498004,-0.390335289585429
line376,-0.8604547785304051,-1.1326120336932695,-1.0597122915696302,-1.2020373424051667
line377,-0.09864118640481433,-0.5151165199560768,-0.9245678342363294,-0.30022221739211963
line378,0.029961991133138355,-0.9210632893153995,-0.4943945800158474,-0.30165395716856463
line379,-0.7226813661809958,-1.3392054226145362,-1.7157288270512268,-0.7243161258985648
line380,-0.47157492751164415,-0.8907742328463031,-0.852772341278013,-0.09855144316709136
line381,-0.05317278413805646,-1.2624891788789776,-1.1322426325146966,-1.4662326646696904
line382,0.03905078513810063,0.4160029976220155,-0.3379564241239671,0.6185692506844961
line383,-1.1003631063065464,-1.605009929865278,-1.6143620375226666,-0.05356964074008553
line384,-0.0389206430012417,-1.200873162626758,-0.958353948569655,-0.47114991993391137
line385,0.5493588786425111,-0.4948394332600915,-2.209377743575444,-0.765907379734098
line386,1.2658669501143358,1.8712447027473609,0.34203135947712243,0.9272665065498537
line387,0.0873126070676752,-0.38628993544188317,-0.816367803083855,-0.5011849884309924
line388,0.5995182713634448,-1.9196338649477391,-1.342670999111231,-0.9835554258600077
line389,0.7458511124755932,0.043718470502375345,-0.8386919781296001,-0.056598321036412325
line390,0.5788078742714912,0.25110294426665075,-0.42960125925311243,-0.9025283945556787
line391,0.6156598392109665,-0.568910289280631,-0.6912831612933005,-0.2186995838574817
line392,-0.17097691073462892,0.2843285076729935,0.3277905122856262,0.43542455983050643
line393,-0.08289053442847352,0.03283314306258371,0.31778137591437794,0.5342460712135143
line394,0.04472720935087633,0.2432363965877775,-0.06516733699669865,0.7629389670434328
line395,1.2469563948459483,2.0368472394433184,0.14429812534133513,1.5754827569844874
line396,0.6546618414419376,0.04138951672455981,0.49967736895641757,1.270254716731286
line397,-1.2270850012144416,-1.9297597509382436,-2.7585203528921474,-1.6391113093244416
line398,1.132841536783646,2.299487407322027,0.47372118661984175,0.7935325713873685
line399,0.20878971403722194,-0.8134757506662899,-0.4093295906531172,-0.5505328105059495
line400,-0.07231137366463306,2.233086909939294,0.9859524660273871,0.051899233890704534
line401,0.05677230463164708,-0.8668138551212717,-0.3630764001307948,-0.3931987691383198
line402,0.7123707969250567,2.353274847967837,0.292492469335884,0.7541990610454606
line403,1.5656912792296387,2.122278073809454,0.095156222043514,1.8980175417881282
line404,1.4818398248612796,1.9187097933278512,0.5428306834886591,1.6132429269127186
line405,0.39373364150916074,-1.0395298267255575,-0.592340525468158,-0.6871223585192565
line406,0.8491343432739153,0.37837900248854744,0.4321051402897683,0.5189846692008548
line407,0.7120938981829689,0.70710956249153,0.37231216444836523,0.6167913760170415
line408,-1.2779936493551367,0.5551643145252666,-0.41193112145678373,-1.0401956807523545
line409,-0.6108224184586346,0.0194986169488371,0.9534924566816448,2.167058752526775
line410,-1.530232115234783,-0.7556063122305567,1.849060989315101,1.4066161303846103
line411,-0.336269171599065,0.02449194447790443,0.33839935218628936,0.20503245635381828
line412,-0.3323763010485524,0.9193987622824558,-0.1338798470220988,0.08015642772033077
line413,-0.6666908117149426,0.1803356585505129,0.27105517979138893,-0.2854485509076981
line414,-0.01355183177771391,1.83232332847136,1.9449882144359945,-0.07298466144485104
line415,-0.9499419367082935,-0.2931634277229627,-0.28393242730498,-0.22953989930771182
line416,-0.03804922637173485,1.5770497426507435,1.1736427776775933,0.7372856515984407
line417,-0.8542327009141062,0.5635118417886885,-0.4893857885659317,0.11843579998507499
line418,-1.6789837482998657,-0.012062503947815505,-0.5403605885663361,-0.26471192425544493
line419,-1.016055583421809,0.19500553587925507,-0.28896655834064544,-0.025745115524221367
line420,-0.7322262287023361,0.5014021885944325,0.7517640145259437,-0.3591359491822277
line421,0.18329874160394888,1.9038373982792973,0.6236893016168898,0.3901674228311079
line422,-1.0137345204366706,0.22816148381941473,0.19654835115782304,-0.1478520650296379
line423,-0.9516359054834128,0.0024364990548377532,0.14240610293866926,0.31206680469621634
line424,-0.017623872102518333,1.4630449237551506,1.0359305756549586,-0.016934409207633682
line425,-0.9697076204448922,0.3311860450940529,0.03698497969011068,0.12064634326629034
line426,-0.5985411448390269,0.19678389460633755,0.1611320568079141,0.17928474048400575
line427,-0.8434417940533767,0.29988440002590616,0.024154702772029957,-0.24336956154392553
line428,-1.0413592420001396,0.3234523996688045,-0.037031950285621784,-0.19399813936276414
line429,-0.8572378666738105,0.273778600206637,0.25864722930247525,-0.6387814743090532
line430,-1.0437698898724235,0.4575760882917803,0.0238252881572805,-0.40857030497993724
line431,-0.380581114413579,1.3095048487453835,0.6673240682783796,-0.14617645748907251
line432,-0.8926564734189554,0.43648260203781,-0.24169978438832343,0.502779262939989
line433,-0.9589655780680585,0.24002775646453645,-0.26644811313748434,0.6260190175432536
line434,-0.8796096562182832,0.4319765827720364,-0.03741204407187156,0.004502353928706192
line435,-0.10514016276320107,1.712521439846205,0.3901765724021114,0.6863487557056707
line436,-0.704397905122626,0.3079471367458448,-0.02109335084887578,-0.19450160829514038
line437,0.5673328646361946,0.1924614070241416,-1.3403313106936483,-0.8563744535204845
line438,0.04300880833381053,1.0807357695049118,1.289267307454817,0.47309819603598585
line439,-1.6469042146210608,0.16898200888365905,1.692327204922804,1.0853872181243212
line440,-0.1405261931857474,1.1898295336951092,0.5097202914419995,-0.09874811071880044
line441,-1.5050098974629482,0.20619463989876383,1.7519259106067904,0.8402057147590752
line442,-0.16270252479462838,0.8099252773676141,1.6516233836797303,-0.8104879803556154
line443,-1.3819365506860797,1.0617117612002522,-0.4131051889298666,-2.0072100325081474
line444,-0.5518348423135264,0.4856247924854782,0.6847999359172923,-0.2175353119513613
line445,-0.008673527468599925,1.907792822494339,0.7195574010376993,0.17579979146771263
line446,-0.8943422981134241,1.4092511544305966,4.875384608494055,-0.6688873431247483
line447,1.1745473737902856,-0.3829294070287847,-1.2615843247112501,0.37681762942106406
line448,0.12509299720120523,-1.4031757073595486,-0.9981708843114786,-2.3110613998993825
line449,-0.8801797418637559,-0.38176493013987695,-0.7210064953780436,1.103480632881599
line450,-0.26762271580352187,0.15267933243894802,0.32632081631212523,0.3311986241265204
line451,-0.18952098237378498,2.0976278701013205,1.1739384061780092,-0.10936815851111582
line452,0.3815175205347489,1.5860301377885717,1.5987143286337429,0.8344944890574307
line453,-1.2862436030531907,0.7295257426030093,1.4784695477214393,1.1902818235041195
line454,-0.20081682223479125,1.2622802479571689,1.4468541912340296,1.2356097608221348
line455,0.3544140201328539,1.2343707746958408,1.1406084043881837,0.389742620919416
line456,-0.3174482012178212,1.459304674617408,1.705774078427467,0.3464757595433167
line457,-0.31915845815423916,0.7401009647843434,1.165474984537512,0.6077682687446079
line458,1.47973050797303,2.7066302969639775,0.6879504910788741,1.597509522775956
line459,0.9802784739745464,0.169754107690435,0.7245155133161162,1.3428014432059008
line460,2.082612366221532,-0.03632665825256279,-0.3614631131713788,1.5849227994665442
line461,0.1336687141252414,1.8385444196767766,1.0706880407753672,0.5163650574120837
line462,0.15286431221636598,1.6161989493615307,0.7807862867382699,0.18464983129464213
line463,-0.8488657517660154,0.6863768109259724,1.7880601598862824,0.4570422571144192
line464,-0.549196160183055,1.4330912872594905,-0.01515544125479358,-0.5143617143955314
line465,-0.17420196667187293,1.461146320131931,0.38304770227777957,0.1882999810543706
line466,-0.38400162828641343,1.1888042877385714,1.411953135127704,0.731102423772693
line467,0.04701569601341622,1.0038992808732146,1.4324106273565322,0.06763263802746716
line468,0.296908666665976,1.4976438104489564,1.3897809975964597,0.759572018558165
line469,-0.3342575836786114,0.8158868927445239,0.5600109226271545,0.04698254509796639
line470,-0.124954710983697,1.0765145407826204,0.6808385140117097,0.895744631361849
line471,-0.246480682437141,1.0721414237704705,0.9859862521417206,0.7454355549412843
line472,-1.2022944197170344,0.669909588833915,1.2072430683820856,1.6803852290663543
line473,-0.26507361856019424,1.0483076196203214,0.9011746586364905,0.7805525129745386
line474,0.18180837484507215,1.3919548754230655,0.16777947480299704,0.570118232645334
line475,-0.14867841791600267,1.2076321070021656,1.2745281150769037,0.8550029813497011
line476,-0.4917559593613715,0.8760599702430972,0.776503896746521,-0.9737220482745313
line477,-1.1201287900431438,1.5837391560832192,2.3682859943896455,1.8565836219939622
line478,-1.7023491156835893,-0.8799205488002311,-1.1343204785461969,-0.5541042932449943
line479,-0.5553938055574061,0.7247982195811928,-0.04519129689711931,0.0719907909733504
line480,-0.6238692356593067,0.6685995523338926,0.558971999611405,0.3609976915615497
line481,-0.3583070538369021,1.0628066226229747,-0.10021198408894004,0.32484232885526776
line482,0.06985169815491646,1.4315977190758915,0.6017874530003112,0.624060208728226
line483,-0.4499931137901852,0.9858055883439324,0.4674707554681761,0.3790675062126212
line484,-0.9317154842144731,0.7339051882939019,0.2628704935941416,0.06889917706047614
line485,0.2621904508566996,2.429908818879724,2.0737977753317973,0.5986350276432176
line486,-0.26387643870470245,1.2477116294883301,0.6283855715092214,-0.12355968904247606
line487,0.394873812800106,1.9763007698988446,1.4092417994524535,0.04403253182232322
line488,-0.2186930792606787,0.9137156087702856,0.14587762618641906,-0.3171356268391395
line489,-0.050240915104195885,0.9018999655551156,2.007585437767064,1.0234369393358167
line490,0.07964902717639381,1.272709910527388,1.5891444117488291,0.15219968526256802
line491,0.4626162756435408,1.6708407616377905,-0.4861169820041824,1.3253216312099565
line492,0.414558055730206,-0.22233918389812937,-1.0674493117519623,0.9141055139894508
line493,-1.7667606495413364,0.07548210911883936,-0.10884433630110421,1.2643546901799998
line494,-0.7319574740408977,0.587295016508887,-0.08742393981377662,-0.3122661382588112
line495,0.07713250625566485,-0.30151095498638586,0.6887191251799566,1.191587696047471
line496,0.07669272590058679,1.2973158134843144,1.222260996203249,0.670481617633745
line497,0.7280318640142522,0.4544687070284439,-1.779542350498295,-0.9874887768941991
line498,1.687876921215702,-0.25607104160399624,-1.3370371645461494,0.02338243889282106
line499,1.0885377380497812,-0.3922642081762817,-0.24884554756982202,1.2997548494877165
line500,0.05677230463164708,-0.32234496541184804,-0.662725448153058,-0.8419547886291413
line501,0.5774152364804089,-1.6145915494837932,-1.4144664920695476,0.06271594923472902
line502,-1.008359427207929,-2.051270382824297,-1.3912385384653865,-0.46435308934683
line503,0.22973628946801242,-0.6235204581631704,-1.4609223992778704,-0.29521899487662834
line504,0.7185847304607064,-0.0927531579346486,-0.44593684553327567,0.15842224659865833
line505,0.44054581708310364,0.1312567548902864,-1.924079347616261,-0.7475543638085629
line506,0.20433490192188597,1.448488962643801,1.087184111098613,0.06763263802746716
line507,-1.7867462234554732,0.19312591829226916,0.5028025845322519,1.2122377889769722
line508,-1.4683941108623129,0.36976567071787464,1.1203367357881893,1.1805743131517366
line509,0.5595226912932214,1.031277145120041,0.10330712212642852,0.09567743090124745
line510,0.16762138635345467,0.6725992773001421,1.2596706712988222,0.10407906871027871
line511,0.7003338457249367,0.8502199749310789,1.727760392329879,0.5619683293024913
line512,0.011328334606835667,1.3825124867369198,1.2704568882997376,-0.15853504643850008
line513,-1.8922527882711393,0.5232361302614574,0.10787669409001106,1.3638684713450255
line514,-0.08609930220441896,0.9101272479223992,0.34541841743903756,0.3683923915058278
line515,0.09105888416649463,1.1883233081540217,1.3063461882503116,0.12649130290309799
line516,-0.3560837198195595,1.2586286003218419,0.30337159815121556,1.3390883598296244
line517,-0.1406564984761391,1.545222817246839,0.7390435424794451,0.5383682230973467
line518,-2.025921583973149,0.7358797360620509,0.5149824787494153,1.092954985514104
line519,-1.0631446577378398,1.0143162860859474,1.273995983776153,1.9184709671659197
line520,-1.3975976177752751,0.9135067623717303,1.3454367225339685,1.7810632821375
line521,-1.3571541132693217,1.1833806100549058,2.001098503815065,1.705550808983107
line522,-0.8174214563778803,1.1078858013169515,0.7309517680966139,1.4315221091331063
line523,-1.8219205077811278,-0.14534447829782987,-0.07123194451953051,1.9022104939905746
line524,-1.101902337549322,0.20861219517899632,1.2621455041737388,2.217932714802998
line525,-2.0641906189456543,0.386872089363083,0.6239595905315553,1.4695497469316623
line526,-2.157301893012618,0.6181663114224368,0.1582771301467489,0.8112326510412262
line527,-1.8478349724081802,0.7566061589488636,-0.05504839575386742,0.7628524333206811
line528,-1.424562668806125,0.17636124829923971,2.1109033753983715,1.5204158425058167
line529,-2.0769768255655374,0.41949009960999495,-0.44079290962602663,0.4346142895174631
line530,-0.10364165192367358,1.2738174293075992,0.8378256942615047,0.4139091296734829
line531,-0.4666314705573329,0.33179359825348265,1.0825891995492807,0.9196279388414551
line532,0.21659988738019506,0.7705798816157614,0.5911110408709809,0.058782598200538355
line533,0.04028054131619112,1.8999199461367207,0.9748706205260559,0.4959430988425651
line534,-0.2776480790831897,1.44903322901579,1.0950900618526118,-0.10936815851111582
line535,0.29428627269680174,1.975984335961642,1.1094407139156917,0.49440122523716273
line536,-0.706295475913985,0.8895463846467002,1.9229681144192505,2.506900281880854
line537,-0.6929961922131744,0.6743713073484808,1.8891820000859245,2.2981730759004892
line538,-0.6286335228393262,1.0885959885050411,1.9842054466484027,2.5590801167004287
line539,-0.29142786354232486,1.626052702166041,1.0842278260944478,0.7549857312522991
line540,-0.5933045009813293,0.5333746736094507,0.7788351386355192,1.1725188102337143
line541,-1.4823530650957413,1.0681100554105007,2.4846622652107855,1.3017215250048113
line542,-1.7024794209739837,0.5776374527454426,1.9071308733255052,1.3292549822441466
line543,-0.5626583254968559,-0.08958881856261547,1.9377495394400805,2.125097763694028
line544,-1.5147176415972805,0.3687910541912884,1.910298321544253,1.5691893953297815
line545,-0.5035730203839532,0.8839708186731784,1.8385028285859375,2.397820591000678
line546,-0.8805055050897409,0.12980115877915252,0.5126343438032495,2.6836336105491125
line547,-1.2218972218406412,0.3781258553387854,0.8777102022319961,1.5442755498792187
line548,-1.4492473772550856,0.5536770750204113,-0.4345509250029448,2.5931744034647943
line549,-1.4484003928675266,0.8365057280926893,1.0729179243213662,1.4409621516151645
line550,-1.219258539710167,0.6877817776071544,0.9346060187693153,1.9749145545065567
line551,-2.126582420802298,0.4156485916123478,0.24379823205297826,1.7448135190063983
line552,-2.045141614306222,0.10633441799615763,-0.00769715651571153,0.7691457949753856
line553,-2.289097550165217,0.5153252818313763,-0.009149959432045036,1.212041121425263
line554,-2.3112983140160472,0.12136503001331247,0.5844551763473157,1.4273920905472062
line555,-1.5694458635626432,0.30082737315877106,0.9035396866398238,1.7595635853846139
line556,-2.050321249599372,0.2700889804988472,0.6539025343594655,0.050129225925318634
line557,-1.503560251107318,0.9559595393869207,1.0457961210402897,1.2545213125945234
line558,-2.006636400994877,1.475702281243281,-0.06654412115578129,-0.7646644408072932
line559,-1.177055913783901,0.3080610529632381,0.7700845350231875,1.405561992307448
line560,-1.636455359147615,0.8531185097958601,0.9615419984215595,1.1325874305346098
line561,-1.821179396442014,0.5050411788722706,-0.009715876847128569,0.905436408310095
line562,-2.418661729219824,0.6355701779686163,0.5096527192133324,1.3973019551356471
line563,-1.8422725653244976,1.0479532136106535,0.18802580381724174,1.4563022206485077
line564,-2.001456765701728,0.2028467688431519,0.39330178797794274,0.9561766366511554
line565,-1.5091145141103515,-0.039225193117343994,0.9078474162173232,1.3676051548275066
line566,-1.8052577187720307,-0.09448721591052203,0.12111240438009135,1.2716313895932525
line567,-1.840798486726918,0.31597190139331927,0.8401231500361722,1.1783244363601795
line568,-1.7856386284871266,0.48209971842503346,0.4813568484591723,1.3628851335864787
line569,-1.4261914849360469,0.30964322264925526,0.3911901558321103,1.0427103594033518
line570,-2.0155215929835992,0.39112496147909465,-0.18840218902750308,0.9986568278204154
line571,-1.6947506884375068,0.5137431121453592,0.7292624623799486,1.7434368461444318
line572,-1.7408461849142838,0.5521645208005797,0.6844958608882918,1.9489544376808983
line573,-0.061316864787662406,0.3493177096958004,1.2219062420027489,-1.7321979948995998
line574,-1.6457151788462183,0.4306792036295026,0.2991229942737987,0.8403394486942383
line575,-1.7027155993128222,0.4243505248854375,0.08415884182801656,0.3435572130759473
line576,-1.4524724331923298,0.986248595856017,0.7816309395966025,2.3877197455448753
line577,-2.3227733236513446,0.24635643520860157,0.19438603984049102,1.0267802877148795
line578,-2.015155109354367,0.828594879662607,-0.13355043240734935,0.3242837930084128
line579,-1.7434441466415098,0.5192807060464169,-0.05056328907611873,0.11452604905708998
line580,-1.6029750435970784,0.726544934914554,0.3789426893862799,1.5685993926746529
line581,-1.6694063094559266,0.5358934877495878,0.7045563662737035,1.45492554778654
line582,-2.1487913287337777,0.13085804812941076,-0.10947782594485483,1.787883712830787
line583,-1.462473364230048,0.6090150419585175,0.9256442519424007,1.3320083279680808
line584,-2.2687292044605485,0.2297436535054296,0.11161005972384323,1.1666109169803598
line585,-1.9222392932229935,0.6403166870266653,0.3150193610676296,0.9123197726199288
line586,-2.0059034337364126,-0.060584483878563994,0.14319163009691935,0.7443656834599843
line587,-2.132503167434563,0.49792141528519684,0.4266655758821018,1.264551357731709
line588,-0.8414709265361711,0.6547840466355984,0.7316528299690309,2.615987839463101
line589,-0.8955720542915144,0.1349273885618447,1.0812462015045308,2.792201965794846
line590,-1.107521753197551,0.9965326988151226,1.961915057716992,1.935250642677778
line591,-1.0251036570235235,1.052433918161452,1.9209747336735834,1.7018770591171724
line592,-1.148877394736258,0.5637649889384505,2.365591551771563,1.2241007756960924
line593,-0.4903714656509386,0.9528331720873529,2.9378438632922617,1.7915574626967217
line594,-1.2485039333229087,1.4190416204476648,1.574548810356833,1.65965646911617
line595,-1.0521257166189197,0.08278540438949077,2.138354593294199,0.5543848285085714
line596,-1.2099742877696142,0.45196255024579446,2.0225695794738936,1.8487169199255822
line597,-0.9023967938758849,0.5279066951745784,1.7190773609462144,2.6928140518629142
line598,0.2222763115929722,-0.5428108181401058,-0.3043476868908917,0.3813173830041784
